index,com_id,post_name,post_id,comnum,time_since_original_post,comp_sent_score,pos_sent_score,neg_sent_score,neu_sent_score,comment_date_utime,Company,post_date_utime,image_set,video,Media_Types,Edges,Luminosity,Number_of_Colors,standardized_time_since_post,BK,Converse,Jordan,LG,McDonalds,Nike,Samsung,Sony,Subway,Text_Image,continuous_thematic_episodic_5,C_Thematic,C_Episodic,making_continuous,C_Number_of_Colors,C_Luminosity,C_Edges,C_cont_no_col,ind_id,weekend,com_weekend,am_pm_quant,utime_convert,post_time_day,post_time_bin,cumulative_comp_score,stand_cumsum,commenter_cumsum,commenter_stand_cumsum,comment_cumsum_sent,stand_comment_cumsum_sent,stand_edges,post_lag_comment,ind_lag_comment,stand_comnum,comnum,scaled_prior_ind_sentiment,abs_comp_sent_score,cont_frame
1,1,I_BK1,3,1,12923474,0,0,0,1,1548301879,Burger_King,1535378405,1,0,Text_Image,0.050901042,0.688335482,6,0.226115697,1,0,0,0,0,0,0,0,0,1,0,0.549263911,0.482797766,0.532200665,0.607134682,0.223864636,-0.00106563,0.419449232,19275,0,0,1,43339.29167,0.291724537,2,0,-0.385385429,0,-0.153417912,0,-0.385385429,-0.075129422,0,0,-0.627700072,0,-0.975144473,0,0.674432295
2,2,I_BK1,3,2,9624114,0,0,0,1,1545002519,Burger_King,1535378405,1,0,Text_Image,0.050901042,0.688335482,6,0.168388411,1,0,0,0,0,0,0,0,0,1,0,0.549263911,0.482797766,0.532200665,0.607134682,0.223864636,-0.00106563,0.419449232,78841,0,1,1,43339.29167,0.291724537,2,0,-0.385385429,0,-0.153417912,0,-0.385385429,-0.075129422,0,0,-0.625942653,1,-0.975144473,0,0.674432295
3,3,I_BK1,3,3,8138192,0,0,0,1,1543516597,Burger_King,1535378405,1,0,Text_Image,0.050901042,0.688335482,6,0.142389961,1,0,0,0,0,0,0,0,0,1,0,0.549263911,0.482797766,0.532200665,0.607134682,0.223864636,-0.00106563,0.419449232,4341,0,0,1,43339.29167,0.291724537,2,0,-0.385385429,0,-0.153417912,0,-0.385385429,-0.075129422,0,0,-0.624185235,2,-0.975144473,0,0.674432295
4,4,I_BK1,3,4,5922193,0,0,0,1,1541300598,Burger_King,1535378405,1,0,Text_Image,0.050901042,0.688335482,6,0.103617711,1,0,0,0,0,0,0,0,0,1,0,0.549263911,0.482797766,0.532200665,0.607134682,0.223864636,-0.00106563,0.419449232,25592,0,1,1,43339.29167,0.291724537,2,0,-0.385385429,0,-0.153417912,0,-0.385385429,-0.075129422,0,0,-0.622427817,3,-0.975144473,0,0.674432295
5,5,I_BK1,3,5,5037627,0.4019,0.474,0,0.526,1540416032,Burger_King,1535378405,1,0,Text_Image,0.050901042,0.688335482,6,0.088140893,1,0,0,0,0,0,0,0,0,1,0,0.549263911,0.482797766,0.532200665,0.607134682,0.223864636,-0.00106563,0.419449232,68577,0,0,1,43339.29167,0.291724537,2,0.4019,-0.377942839,0.4019,-0.151222633,0.4019,-0.377942839,-0.075129422,0,0,-0.620670399,4,-0.974782435,40.19,0.674432295
6,6,I_BK1,3,6,4822974,0.4404,0.244,0,0.756,1540201379,Burger_King,1535378405,1,0,Text_Image,0.050901042,0.688335482,6,0.084385215,1,0,0,0,0,0,0,0,0,1,0,0.549263911,0.482797766,0.532200665,0.607134682,0.223864636,-0.00106563,0.419449232,80725,0,0,1,43339.29167,0.291724537,2,0.8423,-0.369787285,0.4404,-0.151012336,0.8423,-0.369787285,-0.075129422,0.4019,0,-0.61891298,5,-0.974747754,44.04,0.674432295
7,7,I_BK1,3,7,4763044,0.7227,0.083,0.02,0.896,1540141449,Burger_King,1535378405,1,0,Text_Image,0.050901042,0.688335482,6,0.083336649,1,0,0,0,0,0,0,0,0,1,0,0.549263911,0.482797766,0.532200665,0.607134682,0.223864636,-0.00106563,0.419449232,39999,0,1,1,43339.29167,0.291724537,2,1.565,-0.356403956,0.7227,-0.149470343,1.565,-0.356403956,-0.075129422,0.4404,0,-0.617155562,6,-0.974493454,72.27,0.674432295
8,311,I_BK10,4,1,33138617,0.466,0.202,0,0.798,1562038818,Burger_King,1528900201,1,0,Text_Image,0.096792977,0.366799416,5,0.579810157,1,0,0,0,0,0,0,0,0,1,0.274665368,0.63397561,0.43815365,0.591323858,-0.392865318,-0.09767143,0.044826305,-0.082957846,90502,0,0,1,43264.3125,0.312511574,2,0.466,-0.376755802,0.466,-0.150872503,0.466,-0.376755802,1.162511368,0,0,-0.627700072,0,-0.974724693,46.6,0.295744991
9,312,I_BK10,4,2,33162029,0,0,0,1,1562062230,Burger_King,1528900201,1,0,Text_Image,0.096792977,0.366799416,5,0.580219786,1,0,0,0,0,0,0,0,0,1,0.274665368,0.63397561,0.43815365,0.591323858,-0.392865318,-0.09767143,0.044826305,-0.082957846,65458,0,0,1,43264.3125,0.312511574,2,0.466,-0.376755802,0,-0.153417912,0.466,-0.376755802,1.162511368,0.466,0,-0.625942653,1,-0.975144473,0,0.295744991
10,313,I_BK10,4,3,33162397,0,0,0,1,1562062598,Burger_King,1528900201,1,0,Text_Image,0.096792977,0.366799416,5,0.580226224,1,0,0,0,0,0,0,0,0,1,0.274665368,0.63397561,0.43815365,0.591323858,-0.392865318,-0.09767143,0.044826305,-0.082957846,90502,0,0,1,43264.3125,0.312511574,2,0.466,-0.376755802,0.466,-0.150872503,0.466,-0.376755802,1.162511368,0,0.466,-0.624185235,2,-0.974724693,0,0.295744991
11,314,I_BK10,4,4,33162479,0,0,0,1,1562062680,Burger_King,1528900201,1,0,Text_Image,0.096792977,0.366799416,5,0.580227659,1,0,0,0,0,0,0,0,0,1,0.274665368,0.63397561,0.43815365,0.591323858,-0.392865318,-0.09767143,0.044826305,-0.082957846,65458,0,0,1,43264.3125,0.312511574,2,0.466,-0.376755802,0,-0.153417912,0.466,-0.376755802,1.162511368,0,0,-0.622427817,3,-0.975144473,0,0.295744991
12,315,I_BK10,4,5,33162586,0,0,0,1,1562062787,Burger_King,1528900201,1,0,Text_Image,0.096792977,0.366799416,5,0.580229531,1,0,0,0,0,0,0,0,0,1,0.274665368,0.63397561,0.43815365,0.591323858,-0.392865318,-0.09767143,0.044826305,-0.082957846,90502,0,0,1,43264.3125,0.312511574,2,0.466,-0.376755802,0.466,-0.150872503,0.466,-0.376755802,1.162511368,0,0,-0.620670399,4,-0.974724693,0,0.295744991
13,316,I_BK10,4,6,33162653,0,0,0,1,1562062854,Burger_King,1528900201,1,0,Text_Image,0.096792977,0.366799416,5,0.580230703,1,0,0,0,0,0,0,0,0,1,0.274665368,0.63397561,0.43815365,0.591323858,-0.392865318,-0.09767143,0.044826305,-0.082957846,90502,0,0,1,43264.3125,0.312511574,2,0.466,-0.376755802,0.466,-0.150872503,0.466,-0.376755802,1.162511368,0,0,-0.61891298,5,-0.974724693,0,0.295744991
14,922,I_BK11,6,1,29283,0.8652,0.897,0,0.103,1528778675,Burger_King,1528749392,1,0,Image,0.041086252,0.381681091,6,0.00051235,1,0,0,0,0,0,0,0,0,0,0,0.549263911,0.482797766,0.532200665,0.607134682,-0.082789755,-0.01088042,0.851382168,39670,0,0,0,43262.56667,0.567037037,4,18.05,-0.051126263,0.8652,-0.148691972,18.05,-0.051126263,-0.339820472,-0.2263,0,-0.179558413,255,-0.974365088,86.52,1
15,923,I_BK11,6,2,29257,0,0,0,1,1528778649,Burger_King,1528749392,1,0,Image,0.041086252,0.381681091,6,0.000511895,1,0,0,0,0,0,0,0,0,0,0,0.549263911,0.482797766,0.532200665,0.607134682,-0.082789755,-0.01088042,0.851382168,60196,0,0,0,43262.56667,0.567037037,4,18.05,-0.051126263,0,-0.153417912,18.05,-0.051126263,-0.339820472,0.8652,0,-0.177800994,256,-0.975144473,0,1
16,1628,I_BK12,7,1,271078,0,0,0,1,1529020442,Burger_King,1528749364,1,0,Image,0.033580056,0.730738216,7,0.004742919,1,0,0,0,0,0,0,0,0,0,0,0.549263911,0.482797766,0.532200665,1.607134682,0.26626737,-0.018386616,0.851382168,60253,0,0,0,43262.56667,0.566712963,4,9.8705,-0.202598443,0,-0.153417912,9.8705,-0.202598443,-0.542251997,0,0,-0.318394456,176,-0.975144473,0,1
17,1629,I_BK12,7,2,243222,0,0,0,1,1528992586,Burger_King,1528749364,1,0,Image,0.033580056,0.730738216,7,0.004255536,1,0,0,0,0,0,0,0,0,0,0,0.549263911,0.482797766,0.532200665,1.607134682,0.26626737,-0.018386616,0.851382168,28626,0,0,0,43262.56667,0.566712963,4,9.8705,-0.202598443,0,-0.153417912,9.8705,-0.202598443,-0.542251997,0,0,-0.316637038,177,-0.975144473,0,1
18,1630,I_BK12,7,3,268065,0,0,0,1,1529017429,Burger_King,1528749364,1,0,Image,0.033580056,0.730738216,7,0.004690202,1,0,0,0,0,0,0,0,0,0,0,0.549263911,0.482797766,0.532200665,1.607134682,0.26626737,-0.018386616,0.851382168,78049,0,0,0,43262.56667,0.566712963,4,9.8705,-0.202598443,0,-0.153417912,9.8705,-0.202598443,-0.542251997,0,0,-0.314879619,178,-0.975144473,0,1
19,1631,I_BK12,7,4,267767,0,0,0,1,1529017131,Burger_King,1528749364,1,0,Image,0.033580056,0.730738216,7,0.004684988,1,0,0,0,0,0,0,0,0,0,0,0.549263911,0.482797766,0.532200665,1.607134682,0.26626737,-0.018386616,0.851382168,20908,0,0,0,43262.56667,0.566712963,4,9.8705,-0.202598443,0,-0.153417912,9.8705,-0.202598443,-0.542251997,0,0,-0.313122201,179,-0.975144473,0,1
20,1632,I_BK12,7,5,260091,0,0,0,1,1529009455,Burger_King,1528749364,1,0,Image,0.033580056,0.730738216,7,0.004550685,1,0,0,0,0,0,0,0,0,0,0,0.549263911,0.482797766,0.532200665,1.607134682,0.26626737,-0.018386616,0.851382168,39995,0,0,0,43262.56667,0.566712963,4,9.8705,-0.202598443,0,-0.153417912,9.8705,-0.202598443,-0.542251997,0,0,-0.311364783,180,-0.975144473,0,1
21,1633,I_BK12,7,6,264249,0.0258,0.158,0.153,0.69,1529013613,Burger_King,1528749364,1,0,Image,0.033580056,0.730738216,7,0.004623435,1,0,0,0,0,0,0,0,0,0,0,0.549263911,0.482797766,0.532200665,1.607134682,0.26626737,-0.018386616,0.851382168,30968,0,0,0,43262.56667,0.566712963,4,9.8963,-0.202120666,0.0258,-0.153276986,9.8963,-0.202120666,-0.542251997,0,0,-0.309607365,181,-0.975121232,2.58,1
22,1634,I_BK12,7,7,237528,0,0,0,1,1528986892,Burger_King,1528749364,1,0,Image,0.033580056,0.730738216,7,0.004155911,1,0,0,0,0,0,0,0,0,0,0,0.549263911,0.482797766,0.532200665,1.607134682,0.26626737,-0.018386616,0.851382168,67214,0,0,0,43262.56667,0.566712963,4,9.8963,-0.202120666,0,-0.153417912,9.8963,-0.202120666,-0.542251997,0.0258,0,-0.307849946,182,-0.975144473,0,1
23,1635,I_BK12,7,8,261745,0,0,0,1,1529011109,Burger_King,1528749364,1,0,Image,0.033580056,0.730738216,7,0.004579624,1,0,0,0,0,0,0,0,0,0,0,0.549263911,0.482797766,0.532200665,1.607134682,0.26626737,-0.018386616,0.851382168,27485,0,0,0,43262.56667,0.566712963,4,9.8963,-0.202120666,0,-0.153417912,9.8963,-0.202120666,-0.542251997,0,0,-0.306092528,183,-0.975144473,0,1
24,1636,I_BK12,7,9,261048,0,0,0,1,1529010412,Burger_King,1528749364,1,0,Image,0.033580056,0.730738216,7,0.004567429,1,0,0,0,0,0,0,0,0,0,0,0.549263911,0.482797766,0.532200665,1.607134682,0.26626737,-0.018386616,0.851382168,86688,0,0,0,43262.56667,0.566712963,4,9.8963,-0.202120666,0,-0.153417912,9.8963,-0.202120666,-0.542251997,0,0,-0.30433511,184,-0.975144473,0,1
25,1637,I_BK12,7,10,260656,0,0,0,1,1529010020,Burger_King,1528749364,1,0,Image,0.033580056,0.730738216,7,0.00456057,1,0,0,0,0,0,0,0,0,0,0,0.549263911,0.482797766,0.532200665,1.607134682,0.26626737,-0.018386616,0.851382168,15051,0,0,0,43262.56667,0.566712963,4,9.8963,-0.202120666,0,-0.153417912,9.8963,-0.202120666,-0.542251997,0,0,-0.302577692,185,-0.975144473,0,1
26,1638,I_BK12,7,11,260201,0.34,0.306,0.243,0.45,1529009565,Burger_King,1528749364,1,0,Image,0.033580056,0.730738216,7,0.00455261,1,0,0,0,0,0,0,0,0,0,0,0.549263911,0.482797766,0.532200665,1.607134682,0.26626737,-0.018386616,0.851382168,89962,0,0,0,43262.56667,0.566712963,4,10.2363,-0.195824371,0.34,-0.151560746,10.2363,-0.195824371,-0.542251997,0,0,-0.300820273,186,-0.974838196,34,1
27,1639,I_BK12,7,12,31987,0.5267,0.35,0.15,0.5,1528781351,Burger_King,1528749364,1,0,Image,0.033580056,0.730738216,7,0.000559661,1,0,0,0,0,0,0,0,0,0,0,0.549263911,0.482797766,0.532200665,1.607134682,0.26626737,-0.018386616,0.851382168,38368,0,0,0,43262.56667,0.566712963,4,10.763,-0.18607067,0.5267,-0.150540944,10.763,-0.18607067,-0.542251997,0.34,0,-0.299062855,187,-0.974670014,52.67,1
28,1640,I_BK12,7,13,90065,0.25,0.4,0,0.6,1528839429,Burger_King,1528749364,1,0,Image,0.033580056,0.730738216,7,0.001575823,1,0,0,0,0,0,0,0,0,0,0,0.549263911,0.482797766,0.532200665,1.607134682,0.26626737,-0.018386616,0.851382168,84512,0,0,0,43262.56667,0.566712963,4,11.013,-0.181441042,0.25,-0.152052349,11.013,-0.181441042,-0.542251997,0.5267,0,-0.297305437,188,-0.974919269,25,1
29,1641,I_BK12,7,14,257189,0,0,0,1,1529006553,Burger_King,1528749364,1,0,Image,0.033580056,0.730738216,7,0.00449991,1,0,0,0,0,0,0,0,0,0,0,0.549263911,0.482797766,0.532200665,1.607134682,0.26626737,-0.018386616,0.851382168,88134,0,0,0,43262.56667,0.566712963,4,11.013,-0.181441042,0,-0.153417912,11.013,-0.181441042,-0.542251997,0.25,0,-0.295548018,189,-0.975144473,0,1
30,1642,I_BK12,7,15,255848,0,0,0,1,1529005212,Burger_King,1528749364,1,0,Image,0.033580056,0.730738216,7,0.004476447,1,0,0,0,0,0,0,0,0,0,0,0.549263911,0.482797766,0.532200665,1.607134682,0.26626737,-0.018386616,0.851382168,75726,0,0,0,43262.56667,0.566712963,4,11.013,-0.181441042,0,-0.153417912,11.013,-0.181441042,-0.542251997,0,0,-0.2937906,190,-0.975144473,0,1
31,1643,I_BK12,7,16,181,0.6249,0.128,0,0.872,1528749545,Burger_King,1528749364,1,0,Image,0.033580056,0.730738216,7,0.00000317,1,0,0,0,0,0,0,0,0,0,0,0.549263911,0.482797766,0.532200665,1.607134682,0.26626737,-0.018386616,0.851382168,41049,0,0,0,43262.56667,0.566712963,4,11.6379,-0.169868823,0.6249,-0.150004551,11.6379,-0.169868823,-0.542251997,0,0,-0.292033182,191,-0.974581554,62.49,1
32,1644,I_BK12,7,17,335,0.8481,0.281,0,0.719,1528749699,Burger_King,1528749364,1,0,Image,0.033580056,0.730738216,7,0.00000586,1,0,0,0,0,0,0,0,0,0,0,0.549263911,0.482797766,0.532200665,1.607134682,0.26626737,-0.018386616,0.851382168,11727,0,0,0,43262.56667,0.566712963,4,12.486,-0.154163271,0.8481,-0.148785377,12.486,-0.154163271,-0.542251997,0.6249,0,-0.290275764,192,-0.974380492,84.81,1
33,1645,I_BK12,7,18,241442,0,0,0,1,1528990806,Burger_King,1528749364,1,0,Image,0.033580056,0.730738216,7,0.004224392,1,0,0,0,0,0,0,0,0,0,0,0.549263911,0.482797766,0.532200665,1.607134682,0.26626737,-0.018386616,0.851382168,70710,0,0,0,43262.56667,0.566712963,4,12.486,-0.154163271,0,-0.153417912,12.486,-0.154163271,-0.542251997,0.8481,0,-0.288518345,193,-0.975144473,0,1
34,1646,I_BK12,7,19,252581,0,0,0,1,1529001945,Burger_King,1528749364,1,0,Image,0.033580056,0.730738216,7,0.004419286,1,0,0,0,0,0,0,0,0,0,0,0.549263911,0.482797766,0.532200665,1.607134682,0.26626737,-0.018386616,0.851382168,25350,0,0,0,43262.56667,0.566712963,4,12.486,-0.154163271,0,-0.153417912,12.486,-0.154163271,-0.542251997,0,0,-0.286760927,194,-0.975144473,0,1
35,1647,I_BK12,7,20,251711,0,0,0,1,1529001075,Burger_King,1528749364,1,0,Image,0.033580056,0.730738216,7,0.004404064,1,0,0,0,0,0,0,0,0,0,0,0.549263911,0.482797766,0.532200665,1.607134682,0.26626737,-0.018386616,0.851382168,13841,0,0,0,43262.56667,0.566712963,4,12.486,-0.154163271,0,-0.153417912,12.486,-0.154163271,-0.542251997,0,0,-0.285003509,195,-0.975144473,0,1
36,1648,I_BK12,7,21,251345,0.6981,0.443,0,0.557,1529000709,Burger_King,1528749364,1,0,Image,0.033580056,0.730738216,7,0.00439766,1,0,0,0,0,0,0,0,0,0,0,0.549263911,0.482797766,0.532200665,1.607134682,0.26626737,-0.018386616,0.851382168,6302,0,0,0,43262.56667,0.566712963,4,13.1841,-0.141235497,0.6981,-0.149604714,13.1841,-0.141235497,-0.542251997,0,0,-0.283246091,196,-0.974515614,69.81,1
37,1649,I_BK12,7,22,250832,0.4404,0.744,0,0.256,1529000196,Burger_King,1528749364,1,0,Image,0.033580056,0.730738216,7,0.004388685,1,0,0,0,0,0,0,0,0,0,0,0.549263911,0.482797766,0.532200665,1.607134682,0.26626737,-0.018386616,0.851382168,30525,0,0,0,43262.56667,0.566712963,4,13.6245,-0.133079944,0.4404,-0.151012336,13.6245,-0.133079944,-0.542251997,0.6981,0,-0.281488672,197,-0.974747754,44.04,1
38,1650,I_BK12,7,23,250287,0,0,0,1,1528999651,Burger_King,1528749364,1,0,Image,0.033580056,0.730738216,7,0.004379149,1,0,0,0,0,0,0,0,0,0,0,0.549263911,0.482797766,0.532200665,1.607134682,0.26626737,-0.018386616,0.851382168,48322,0,0,0,43262.56667,0.566712963,4,13.6245,-0.133079944,0,-0.153417912,13.6245,-0.133079944,-0.542251997,0.4404,0,-0.279731254,198,-0.975144473,0,1
39,1651,I_BK12,7,24,249607,0,0,0,1,1528998971,Burger_King,1528749364,1,0,Image,0.033580056,0.730738216,7,0.004367251,1,0,0,0,0,0,0,0,0,0,0,0.549263911,0.482797766,0.532200665,1.607134682,0.26626737,-0.018386616,0.851382168,9705,0,0,0,43262.56667,0.566712963,4,13.6245,-0.133079944,0,-0.153417912,13.6245,-0.133079944,-0.542251997,0,0,-0.277973836,199,-0.975144473,0,1
40,1652,I_BK12,7,25,247344,0,0,0,1,1528996708,Burger_King,1528749364,1,0,Image,0.033580056,0.730738216,7,0.004327657,1,0,0,0,0,0,0,0,0,0,0,0.549263911,0.482797766,0.532200665,1.607134682,0.26626737,-0.018386616,0.851382168,80760,0,0,0,43262.56667,0.566712963,4,13.6245,-0.133079944,0,-0.153417912,13.6245,-0.133079944,-0.542251997,0,0,-0.276216418,200,-0.975144473,0,1
41,1653,I_BK12,7,26,247199,-0.9081,0.061,0.362,0.577,1528996563,Burger_King,1528749364,1,0,Image,0.033580056,0.730738216,7,0.00432512,1,0,0,0,0,0,0,0,0,0,0,0.549263911,0.482797766,0.532200665,1.607134682,0.26626737,-0.018386616,0.851382168,17401,0,0,0,43262.56667,0.566712963,4,12.7164,-0.149896606,-0.9081,-0.158378182,12.7164,-0.149896606,-0.542251997,0,0,-0.274458999,201,-0.975962502,90.81,1
42,6298,I_BK2,15,1,16814326,0,0,0,1,1551934327,Burger_King,1535120001,1,0,Text_Image,0.058231807,0.660475111,7,0.29419203,1,0,0,0,0,0,0,0,0,1,0.596573314,0.53295096,0.665226025,0.444801533,1.607134682,0.196004265,0.006265135,-0.14086371,79401,0,0,1,43336.30069,0.3009375,2,0,-0.385385429,0,-0.153417912,0,-0.385385429,0.122570975,0,0,-0.627700072,0,-0.975144473,0,0.25209868
43,6299,I_BK2,15,2,13224966,0,0,0,1,1548344967,Burger_King,1535120001,1,0,Text_Image,0.058231807,0.660475111,7,0.231390755,1,0,0,0,0,0,0,0,0,1,0.596573314,0.53295096,0.665226025,0.444801533,1.607134682,0.196004265,0.006265135,-0.14086371,43830,0,0,1,43336.30069,0.3009375,2,0,-0.385385429,0,-0.153417912,0,-0.385385429,0.122570975,0,0,-0.625942653,1,-0.975144473,0,0.25209868
44,6300,I_BK2,15,3,5635488,0,0,0,1,1540755489,Burger_King,1535120001,1,0,Text_Image,0.058231807,0.660475111,7,0.098601374,1,0,0,0,0,0,0,0,0,1,0.596573314,0.53295096,0.665226025,0.444801533,1.607134682,0.196004265,0.006265135,-0.14086371,3438,0,1,1,43336.30069,0.3009375,2,0,-0.385385429,0,-0.153417912,0,-0.385385429,0.122570975,0,0,-0.624185235,2,-0.975144473,0,0.25209868
45,9466,I_BK3,26,1,21426,0,0,0,1,1534449325,Burger_King,1534427899,1,0,Image,0.051638224,0.430429165,5,0.00037488,1,0,0,0,0,0,0,0,0,0,0,0.549263911,0.482797766,0.532200665,-0.392865318,-0.034041681,-0.000328448,0.851382168,85053,0,0,1,43328.29028,0.290497685,2,9.7353,-0.205102146,0,-0.153417912,9.7353,-0.205102146,-0.055248663,0,0,-0.307849946,182,-0.975144473,0,1
46,9467,I_BK3,26,2,22177,0.4404,0.744,0,0.256,1534450076,Burger_King,1534427899,1,0,Image,0.051638224,0.430429165,5,0.00038802,1,0,0,0,0,0,0,0,0,0,0,0.549263911,0.482797766,0.532200665,-0.392865318,-0.034041681,-0.000328448,0.851382168,56595,0,0,1,43328.29028,0.290497685,2,10.1757,-0.196946593,0.4404,-0.151012336,10.1757,-0.196946593,-0.055248663,0,0,-0.306092528,183,-0.974747754,44.04,1
47,9468,I_BK3,26,3,21515,0,0,0,1,1534449414,Burger_King,1534427899,1,0,Image,0.051638224,0.430429165,5,0.000376437,1,0,0,0,0,0,0,0,0,0,0,0.549263911,0.482797766,0.532200665,-0.392865318,-0.034041681,-0.000328448,0.851382168,70651,0,0,1,43328.29028,0.290497685,2,10.1757,-0.196946593,0,-0.153417912,10.1757,-0.196946593,-0.055248663,0.4404,0,-0.30433511,184,-0.975144473,0,1
48,9469,I_BK3,26,4,20445,0.4588,0.339,0.177,0.484,1534448344,Burger_King,1534427899,1,0,Image,0.051638224,0.430429165,5,0.000357716,1,0,0,0,0,0,0,0,0,0,0,0.549263911,0.482797766,0.532200665,-0.392865318,-0.034041681,-0.000328448,0.851382168,61518,0,0,1,43328.29028,0.290497685,2,10.6345,-0.188450299,0.4588,-0.150911831,10.6345,-0.188450299,-0.055248663,0,0,-0.302577692,185,-0.974731179,45.88,1
49,9470,I_BK3,26,5,19665,0,0,0,1,1534447564,Burger_King,1534427899,1,0,Image,0.051638224,0.430429165,5,0.000344069,1,0,0,0,0,0,0,0,0,0,0,0.549263911,0.482797766,0.532200665,-0.392865318,-0.034041681,-0.000328448,0.851382168,44214,0,0,1,43328.29028,0.290497685,2,10.6345,-0.188450299,0,-0.153417912,10.6345,-0.188450299,-0.055248663,0.4588,0,-0.300820273,186,-0.975144473,0,1
50,9471,I_BK3,26,6,19572,0,0,0,1,1534447471,Burger_King,1534427899,1,0,Image,0.051638224,0.430429165,5,0.000342442,1,0,0,0,0,0,0,0,0,0,0,0.549263911,0.482797766,0.532200665,-0.392865318,-0.034041681,-0.000328448,0.851382168,44820,0,0,1,43328.29028,0.290497685,2,10.6345,-0.188450299,0,-0.153417912,10.6345,-0.188450299,-0.055248663,0,0,-0.299062855,187,-0.975144473,0,1
51,9472,I_BK3,26,7,15238,0,0,0,1,1534443137,Burger_King,1534427899,1,0,Image,0.051638224,0.430429165,5,0.000266612,1,0,0,0,0,0,0,0,0,0,0,0.549263911,0.482797766,0.532200665,-0.392865318,-0.034041681,-0.000328448,0.851382168,1077,0,0,1,43328.29028,0.290497685,2,10.6345,-0.188450299,0,-0.153417912,10.6345,-0.188450299,-0.055248663,0,0,-0.297305437,188,-0.975144473,0,1
52,9473,I_BK3,26,8,19285,0.2337,0.279,0,0.721,1534447184,Burger_King,1534427899,1,0,Image,0.051638224,0.430429165,5,0.00033742,1,0,0,0,0,0,0,0,0,0,0,0.549263911,0.482797766,0.532200665,-0.392865318,-0.034041681,-0.000328448,0.851382168,21281,0,0,1,43328.29028,0.290497685,2,10.8682,-0.184122522,0.2337,-0.152141384,10.8682,-0.184122522,-0.055248663,0,0,-0.295548018,189,-0.974933952,23.37,1
53,9474,I_BK3,26,9,18948,0,0,0,1,1534446847,Burger_King,1534427899,1,0,Image,0.051638224,0.430429165,5,0.000331524,1,0,0,0,0,0,0,0,0,0,0,0.549263911,0.482797766,0.532200665,-0.392865318,-0.034041681,-0.000328448,0.851382168,60617,0,0,1,43328.29028,0.290497685,2,10.8682,-0.184122522,0,-0.153417912,10.8682,-0.184122522,-0.055248663,0.2337,0,-0.2937906,190,-0.975144473,0,1
54,9475,I_BK3,26,10,18569,0.4019,0.73,0,0.27,1534446468,Burger_King,1534427899,1,0,Image,0.051638224,0.430429165,5,0.000324893,1,0,0,0,0,0,0,0,0,0,0,0.549263911,0.482797766,0.532200665,-0.392865318,-0.034041681,-0.000328448,0.851382168,1106,0,0,1,43328.29028,0.290497685,2,11.2701,-0.176679932,-0.1555,-0.154267292,11.2701,-0.176679932,-0.055248663,0,0,-0.292033182,191,-0.975284549,40.19,1
55,9476,I_BK3,26,11,12060,0,0,0,1,1534439959,Burger_King,1534427899,1,0,Image,0.051638224,0.430429165,5,0.000211008,1,0,0,0,0,0,0,0,0,0,0,0.549263911,0.482797766,0.532200665,-0.392865318,-0.034041681,-0.000328448,0.851382168,13632,0,0,1,43328.29028,0.290497685,2,11.2701,-0.176679932,0,-0.153417912,11.2701,-0.176679932,-0.055248663,0.4019,0,-0.290275764,192,-0.975144473,0,1
56,9477,I_BK3,26,12,13856,0.4404,0.266,0,0.734,1534441755,Burger_King,1534427899,1,0,Image,0.051638224,0.430429165,5,0.000242432,1,0,0,0,0,0,0,0,0,0,0,0.549263911,0.482797766,0.532200665,-0.392865318,-0.034041681,-0.000328448,0.851382168,34969,0,0,1,43328.29028,0.290497685,2,11.7105,-0.168524379,0.4404,-0.151012336,11.7105,-0.168524379,-0.055248663,0,0,-0.288518345,193,-0.974747754,44.04,1
57,9478,I_BK3,26,13,18511,0.4215,0.737,0,0.263,1534446410,Burger_King,1534427899,1,0,Image,0.051638224,0.430429165,5,0.000323878,1,0,0,0,0,0,0,0,0,0,0,0.549263911,0.482797766,0.532200665,-0.392865318,-0.034041681,-0.000328448,0.851382168,13632,0,0,1,43328.29028,0.290497685,2,12.132,-0.160718825,0.4215,-0.151115573,12.132,-0.160718825,-0.055248663,0.4404,0,-0.286760927,194,-0.974764779,42.15,1
58,9479,I_BK3,26,14,4089,0,0,0,1,1534431988,Burger_King,1534427899,1,0,Image,0.051638224,0.430429165,5,0.0000715,1,0,0,0,0,0,0,0,0,0,0,0.549263911,0.482797766,0.532200665,-0.392865318,-0.034041681,-0.000328448,0.851382168,11244,0,0,1,43328.29028,0.290497685,2,12.132,-0.160718825,0,-0.153417912,12.132,-0.160718825,-0.055248663,0.4215,0,-0.285003509,195,-0.975144473,0,1
59,9480,I_BK3,26,15,4143,0.6166,0.252,0,0.748,1534432042,Burger_King,1534427899,1,0,Image,0.051638224,0.430429165,5,0.0000725,1,0,0,0,0,0,0,0,0,0,0,0.549263911,0.482797766,0.532200665,-0.392865318,-0.034041681,-0.000328448,0.851382168,64337,0,0,1,43328.29028,0.290497685,2,12.7486,-0.14930031,0.6166,-0.150049888,12.7486,-0.14930031,-0.055248663,0,0,-0.283246091,196,-0.974589031,61.66,1
60,9481,I_BK3,26,16,18272,0.2949,0.413,0.299,0.288,1534446171,Burger_King,1534427899,1,0,Image,0.051638224,0.430429165,5,0.000319696,1,0,0,0,0,0,0,0,0,0,0,0.549263911,0.482797766,0.532200665,-0.392865318,-0.034041681,-0.000328448,0.851382168,52849,0,0,1,43328.29028,0.290497685,2,13.0435,-0.1438392,0.2949,-0.151807094,13.0435,-0.1438392,-0.055248663,0.6166,0,-0.281488672,197,-0.974878823,29.49,1
61,9482,I_BK3,26,17,16038,0,0,0,1,1534443937,Burger_King,1534427899,1,0,Image,0.051638224,0.430429165,5,0.000280609,1,0,0,0,0,0,0,0,0,0,0,0.549263911,0.482797766,0.532200665,-0.392865318,-0.034041681,-0.000328448,0.851382168,45300,0,0,1,43328.29028,0.290497685,2,13.0435,-0.1438392,0,-0.153417912,13.0435,-0.1438392,-0.055248663,0.2949,0,-0.279731254,198,-0.975144473,0,1
62,9483,I_BK3,26,18,17934,0.6588,0.293,0,0.707,1534445833,Burger_King,1534427899,1,0,Image,0.051638224,0.430429165,5,0.000313782,1,0,0,0,0,0,0,0,0,0,0,0.549263911,0.482797766,0.532200665,-0.392865318,-0.034041681,-0.000328448,0.851382168,2145,0,0,1,43328.29028,0.290497685,2,13.7023,-0.131639204,0.6588,-0.149819381,13.7023,-0.131639204,-0.055248663,0,0,-0.277973836,199,-0.974551016,65.88,1
63,9484,I_BK3,26,19,13711,0.128,0.143,0.116,0.741,1534441610,Burger_King,1534427899,1,0,Image,0.051638224,0.430429165,5,0.000239895,1,0,0,0,0,0,0,0,0,0,0,0.549263911,0.482797766,0.532200665,-0.392865318,-0.034041681,-0.000328448,0.851382168,26379,0,0,1,43328.29028,0.290497685,2,13.8303,-0.129268834,0.128,-0.152718744,13.8303,-0.129268834,-0.055248663,0.6588,0,-0.276216418,200,-0.975029168,12.8,1
64,9485,I_BK3,26,20,17119,-0.3595,0,0.151,0.849,1534445018,Burger_King,1534427899,1,0,Image,0.051638224,0.430429165,5,0.000299523,1,0,0,0,0,0,0,0,0,0,0,0.549263911,0.482797766,0.532200665,-0.392865318,-0.034041681,-0.000328448,0.851382168,39452,0,0,1,43328.29028,0.290497685,2,13.4708,-0.13592624,0.381,-0.151336794,13.4708,-0.13592624,-0.055248663,0.128,0,-0.274458999,201,-0.974801262,35.95,1
65,9486,I_BK3,26,21,17088,0,0,0,1,1534444987,Burger_King,1534427899,1,0,Image,0.051638224,0.430429165,5,0.00029898,1,0,0,0,0,0,0,0,0,0,0,0.549263911,0.482797766,0.532200665,-0.392865318,-0.034041681,-0.000328448,0.851382168,45874,0,0,1,43328.29028,0.290497685,2,13.4708,-0.13592624,0,-0.153417912,13.4708,-0.13592624,-0.055248663,-0.3595,0,-0.272701581,202,-0.975144473,0,1
66,9487,I_BK3,26,22,1396,0,0,0,1,1534429295,Burger_King,1534427899,1,0,Image,0.051638224,0.430429165,5,0.0000244,1,0,0,0,0,0,0,0,0,0,0,0.549263911,0.482797766,0.532200665,-0.392865318,-0.034041681,-0.000328448,0.851382168,6993,0,0,1,43328.29028,0.290497685,2,13.4708,-0.13592624,0,-0.153417912,13.4708,-0.13592624,-0.055248663,0,0,-0.270944163,203,-0.975144473,0,1
67,9488,I_BK3,26,23,17073,0.4019,1,0,0,1534444972,Burger_King,1534427899,1,0,Image,0.051638224,0.430429165,5,0.000298718,1,0,0,0,0,0,0,0,0,0,0,0.549263911,0.482797766,0.532200665,-0.392865318,-0.034041681,-0.000328448,0.851382168,17808,0,0,1,43328.29028,0.290497685,2,13.8727,-0.128483649,0.4019,-0.151222633,13.8727,-0.128483649,-0.055248663,0,0,-0.269186744,204,-0.974782435,40.19,1
68,9489,I_BK3,26,24,16543,0,0,0,1,1534444442,Burger_King,1534427899,1,0,Image,0.051638224,0.430429165,5,0.000289445,1,0,0,0,0,0,0,0,0,0,0,0.549263911,0.482797766,0.532200665,-0.392865318,-0.034041681,-0.000328448,0.851382168,61144,0,0,1,43328.29028,0.290497685,2,13.8727,-0.128483649,0,-0.153417912,13.8727,-0.128483649,-0.055248663,0.4019,0,-0.267429326,205,-0.975144473,0,1
69,9490,I_BK3,26,25,17025,0,0,0,1,1534444924,Burger_King,1534427899,1,0,Image,0.051638224,0.430429165,5,0.000297878,1,0,0,0,0,0,0,0,0,0,0,0.549263911,0.482797766,0.532200665,-0.392865318,-0.034041681,-0.000328448,0.851382168,61496,0,0,1,43328.29028,0.290497685,2,13.8727,-0.128483649,0,-0.153417912,13.8727,-0.128483649,-0.055248663,0,0,-0.265671908,206,-0.975144473,0,1
70,9491,I_BK3,26,26,521,-0.5106,0,0.452,0.548,1534428420,Burger_King,1534427899,1,0,Image,0.051638224,0.430429165,5,0.00000912,1,0,0,0,0,0,0,0,0,0,0,0.549263911,0.482797766,0.532200665,-0.392865318,-0.034041681,-0.000328448,0.851382168,47732,0,0,1,43328.29028,0.290497685,2,13.3621,-0.137939202,-0.5106,-0.156206937,13.3621,-0.137939202,-0.055248663,0,0,-0.26391449,207,-0.975604428,51.06,1
71,9492,I_BK3,26,27,16985,-0.7104,0,0.45,0.55,1534444884,Burger_King,1534427899,1,0,Image,0.051638224,0.430429165,5,0.000297178,1,0,0,0,0,0,0,0,0,0,0,0.549263911,0.482797766,0.532200665,-0.392865318,-0.034041681,-0.000328448,0.851382168,39452,0,0,1,43328.29028,0.290497685,2,12.6517,-0.151094754,-0.3294,-0.155217177,12.6517,-0.151094754,-0.055248663,-0.5106,-0.3595,-0.262157071,208,-0.975441201,71.04,1
72,9493,I_BK3,26,28,16270,0,0,0,1,1534444169,Burger_King,1534427899,1,0,Image,0.051638224,0.430429165,5,0.000284668,1,0,0,0,0,0,0,0,0,0,0,0.549263911,0.482797766,0.532200665,-0.392865318,-0.034041681,-0.000328448,0.851382168,58237,0,0,1,43328.29028,0.290497685,2,12.6517,-0.151094754,0,-0.153417912,12.6517,-0.151094754,-0.055248663,-0.7104,0,-0.260399653,209,-0.975144473,0,1
73,9494,I_BK3,26,29,13603,0.4215,1,0,0,1534441502,Burger_King,1534427899,1,0,Image,0.051638224,0.430429165,5,0.000238005,1,0,0,0,0,0,0,0,0,0,0,0.549263911,0.482797766,0.532200665,-0.392865318,-0.034041681,-0.000328448,0.851382168,19635,0,0,1,43328.29028,0.290497685,2,13.0732,-0.1432892,0.4215,-0.151115573,13.0732,-0.1432892,-0.055248663,0,0,-0.258642235,210,-0.974764779,42.15,1
74,9495,I_BK3,26,30,13538,0,0,0,1,1534441437,Burger_King,1534427899,1,0,Image,0.051638224,0.430429165,5,0.000236868,1,0,0,0,0,0,0,0,0,0,0,0.549263911,0.482797766,0.532200665,-0.392865318,-0.034041681,-0.000328448,0.851382168,64888,0,0,1,43328.29028,0.290497685,2,13.0732,-0.1432892,0,-0.153417912,13.0732,-0.1432892,-0.055248663,0.4215,0,-0.256884817,211,-0.975144473,0,1
75,36702,I_Jordan1,246,1,8074954,0,0,0,1,1542770734,Jordan,1534695780,1,0,Text_Image,0.031857476,0.384221673,3,0.141283517,0,0,1,0,0,0,0,0,0,1,0.752775926,0.371067594,0.761581355,0.327610416,-2.392865318,-0.080249173,-0.020109196,-0.265667423,4331,1,0,1,43331.39097,0.390972222,3,0,-0.385385429,0,-0.153417912,0,-0.385385429,-0.588707551,0,0,-0.627700072,0,-0.975144473,0,0.158028385
76,36703,I_Jordan1,246,2,2712518,0,0,0,1,1537408298,Jordan,1534695780,1,0,Text_Image,0.031857476,0.384221673,3,0.047459599,0,0,1,0,0,0,0,0,0,1,0.752775926,0.371067594,0.761581355,0.327610416,-2.392865318,-0.080249173,-0.020109196,-0.265667423,8824,1,0,1,43331.39097,0.390972222,3,0,-0.385385429,0,-0.153417912,0,-0.385385429,-0.588707551,0,0,-0.625942653,1,-0.975144473,0,0.158028385
77,36704,I_Jordan1,246,3,2713077,0,0,0,1,1537408857,Jordan,1534695780,1,0,Text_Image,0.031857476,0.384221673,3,0.04746938,0,0,1,0,0,0,0,0,0,1,0.752775926,0.371067594,0.761581355,0.327610416,-2.392865318,-0.080249173,-0.020109196,-0.265667423,15329,1,0,1,43331.39097,0.390972222,3,0,-0.385385429,0,-0.153417912,0,-0.385385429,-0.588707551,0,0,-0.624185235,2,-0.975144473,0,0.158028385
78,36705,I_Jordan1,246,4,2713819,0,0,0,1,1537409599,Jordan,1534695780,1,0,Text_Image,0.031857476,0.384221673,3,0.047482362,0,0,1,0,0,0,0,0,0,1,0.752775926,0.371067594,0.761581355,0.327610416,-2.392865318,-0.080249173,-0.020109196,-0.265667423,8824,1,0,1,43331.39097,0.390972222,3,0,-0.385385429,0,-0.153417912,0,-0.385385429,-0.588707551,0,0,-0.622427817,3,-0.975144473,0,0.158028385
79,36706,I_Jordan1,246,5,1383611,-0.7718,0,0.74,0.26,1536079391,Jordan,1534695780,1,0,Text_Image,0.031857476,0.384221673,3,0.024208364,0,0,1,0,0,0,0,0,0,1,0.752775926,0.371067594,0.761581355,0.327610416,-2.392865318,-0.080249173,-0.020109196,-0.265667423,61923,1,0,1,43331.39097,0.390972222,3,-0.7718,-0.399678018,-0.3503,-0.155331338,-0.7718,-0.399678018,-0.588707551,0,0.4215,-0.620670399,4,-0.975460028,77.18,0.158028385
80,36707,I_Jordan1,246,6,594667,0.9708,0.267,0,0.733,1535290447,Jordan,1534695780,1,0,Text_Image,0.031857476,0.384221673,3,0.010404597,0,0,1,0,0,0,0,0,0,1,0.752775926,0.371067594,0.761581355,0.327610416,-2.392865318,-0.080249173,-0.020109196,-0.265667423,42385,1,1,1,43331.39097,0.390972222,3,0.199,-0.381700245,0.9708,-0.148115158,0.199,-0.381700245,-0.588707551,-0.7718,0,-0.61891298,5,-0.974269962,97.08,0.158028385
81,36708,I_Jordan1,246,7,391311,-0.3182,0,0.277,0.723,1535087091,Jordan,1534695780,1,0,Text_Image,0.031857476,0.384221673,3,0.006846577,0,0,1,0,0,0,0,0,0,1,0.752775926,0.371067594,0.761581355,0.327610416,-2.392865318,-0.080249173,-0.020109196,-0.265667423,27213,1,0,1,43331.39097,0.390972222,3,-0.1192,-0.387592836,-0.3182,-0.155156,-0.1192,-0.387592836,-0.588707551,0.9708,0,-0.617155562,6,-0.975431112,31.82,0.158028385
82,36709,I_Jordan1,246,8,51307,0,0,0,1,1534747087,Jordan,1534695780,1,0,Text_Image,0.031857476,0.384221673,3,0.000897693,0,0,1,0,0,0,0,0,0,1,0.752775926,0.371067594,0.761581355,0.327610416,-2.392865318,-0.080249173,-0.020109196,-0.265667423,8269,1,0,1,43331.39097,0.390972222,3,-0.1192,-0.387592836,0,-0.153417912,-0.1192,-0.387592836,-0.588707551,-0.3182,0,-0.615398144,7,-0.975144473,0,0.158028385
83,36710,I_Jordan1,246,9,344728,0,0,0,1,1535040508,Jordan,1534695780,1,0,Text_Image,0.031857476,0.384221673,3,0.006031537,0,0,1,0,0,0,0,0,0,1,0.752775926,0.371067594,0.761581355,0.327610416,-2.392865318,-0.080249173,-0.020109196,-0.265667423,21145,1,0,1,43331.39097,0.390972222,3,-0.1192,-0.387592836,0,-0.153417912,-0.1192,-0.387592836,-0.588707551,0,0,-0.613640725,8,-0.975144473,0,0.158028385
84,36711,I_Jordan1,246,10,174340,0,0,0,1,1534870120,Jordan,1534695780,1,0,Text_Image,0.031857476,0.384221673,3,0.003050342,0,0,1,0,0,0,0,0,0,1,0.752775926,0.371067594,0.761581355,0.327610416,-2.392865318,-0.080249173,-0.020109196,-0.265667423,16700,1,0,1,43331.39097,0.390972222,3,-0.1192,-0.387592836,0,-0.153417912,-0.1192,-0.387592836,-0.588707551,0,0,-0.611883307,9,-0.975144473,0,0.158028385
85,36712,I_Jordan1,246,11,149419,0.4588,1,0,0,1534845199,Jordan,1534695780,1,0,Text_Image,0.031857476,0.384221673,3,0.002614311,0,0,1,0,0,0,0,0,0,1,0.752775926,0.371067594,0.761581355,0.327610416,-2.392865318,-0.080249173,-0.020109196,-0.265667423,46393,1,0,1,43331.39097,0.390972222,3,0.3396,-0.379096542,0.4588,-0.150911831,0.3396,-0.379096542,-0.588707551,0,0,-0.610125889,10,-0.974731179,45.88,0.158028385
86,36713,I_Jordan1,246,12,124663,0,0,0,1,1534820443,Jordan,1534695780,1,0,Text_Image,0.031857476,0.384221673,3,0.002181167,0,0,1,0,0,0,0,0,0,1,0.752775926,0.371067594,0.761581355,0.327610416,-2.392865318,-0.080249173,-0.020109196,-0.265667423,37983,1,0,1,43331.39097,0.390972222,3,0.3396,-0.379096542,0,-0.153417912,0.3396,-0.379096542,-0.588707551,0.4588,0,-0.608368471,11,-0.975144473,0,0.158028385
87,36714,I_Jordan1,246,13,118249,0,0,0,1,1534814029,Jordan,1534695780,1,0,Text_Image,0.031857476,0.384221673,3,0.002068945,0,0,1,0,0,0,0,0,0,1,0.752775926,0.371067594,0.761581355,0.327610416,-2.392865318,-0.080249173,-0.020109196,-0.265667423,8895,1,0,1,43331.39097,0.390972222,3,0.3396,-0.379096542,0,-0.153417912,0.3396,-0.379096542,-0.588707551,0,0,-0.606611052,12,-0.975144473,0,0.158028385
88,36744,I_Jordan100,247,1,152486,0.3182,1,0,0,1525887866,Jordan,1525735380,1,0,Image,0.028746379,0.679715927,5,0.002667973,0,0,1,0,0,0,0,0,0,0,0,0.549263911,0.482797766,0.532200665,-0.392865318,0.215245081,-0.023220293,0.851382168,62461,0,0,0,43227.68264,0.682638889,5,0.3182,-0.379492838,0.3182,-0.151679823,0.3182,-0.379492838,-0.672609451,0,0,-0.627700072,0,-0.974857834,31.82,1
89,36745,I_Jordan100,247,2,75449,0,0,0,1,1525810829,Jordan,1525735380,1,0,Image,0.028746379,0.679715927,5,0.001320094,0,0,1,0,0,0,0,0,0,0,0,0.549263911,0.482797766,0.532200665,-0.392865318,0.215245081,-0.023220293,0.851382168,49178,0,0,0,43227.68264,0.682638889,5,0.3182,-0.379492838,0,-0.153417912,0.3182,-0.379492838,-0.672609451,0.3182,0,-0.625942653,1,-0.975144473,0,1
90,36746,I_Jordan100,247,3,7330,0,0,0,1,1525742710,Jordan,1525735380,1,0,Image,0.028746379,0.679715927,5,0.000128249,0,0,1,0,0,0,0,0,0,0,0,0.549263911,0.482797766,0.532200665,-0.392865318,0.215245081,-0.023220293,0.851382168,35921,0,0,0,43227.68264,0.682638889,5,0.3182,-0.379492838,0,-0.153417912,0.3182,-0.379492838,-0.672609451,0,0,-0.624185235,2,-0.975144473,0,1
91,36747,I_Jordan101,248,1,2649030,0.3612,0.263,0,0.737,1528384410,Jordan,1525735380,1,0,Image,0.11801823,0.475648115,7,0.046348781,0,0,1,0,0,0,0,0,0,0,0,0.549263911,0.482797766,0.532200665,1.607134682,0.011177269,0.066051558,0.851382168,53981,0,0,0,43227.68264,0.682638889,5,0.3612,-0.378696542,0.3612,-0.151444947,0.3612,-0.378696542,1.734926519,0,0,-0.627700072,0,-0.974819099,36.12,1
92,36748,I_Jordan101,248,2,2652438,-0.3612,0,0.714,0.286,1528387818,Jordan,1525735380,1,0,Image,0.11801823,0.475648115,7,0.046408409,0,0,1,0,0,0,0,0,0,0,0,0.549263911,0.482797766,0.532200665,1.607134682,0.011177269,0.066051558,0.851382168,2132,0,0,0,43227.68264,0.682638889,5,0,-0.385385429,-0.3612,-0.155390877,0,-0.385385429,1.734926519,0.3612,0,-0.625942653,1,-0.975469847,36.12,1
93,36749,I_Jordan101,248,3,594546,0.4767,0.508,0,0.492,1526329926,Jordan,1525735380,1,0,Image,0.11801823,0.475648115,7,0.01040248,0,0,1,0,0,0,0,0,0,0,0,0.549263911,0.482797766,0.532200665,1.607134682,0.011177269,0.066051558,0.851382168,6763,0,0,0,43227.68264,0.682638889,5,0.4767,-0.376557654,0.4767,-0.150814057,0.4767,-0.376557654,1.734926519,-0.3612,0,-0.624185235,2,-0.974715055,47.67,1
94,36750,I_Jordan101,248,4,407606,-0.2023,0.146,0.229,0.625,1526142986,Jordan,1525735380,1,0,Image,0.11801823,0.475648115,7,0.007131683,0,0,1,0,0,0,0,0,0,0,0,0.549263911,0.482797766,0.532200665,1.607134682,0.011177269,0.066051558,0.851382168,28258,0,1,0,43227.68264,0.682638889,5,0.2744,-0.380303949,-0.2023,-0.154522925,0.2744,-0.380303949,1.734926519,0.4767,0,-0.622427817,3,-0.975326707,20.23,1
95,36761,I_Jordan102,249,1,56618,0.2732,0.296,0,0.704,1525525599,Jordan,1525468981,1,0,Image,0.044787094,0.352642789,5,0.000990617,0,0,1,0,0,0,0,0,0,0,0,0.549263911,0.482797766,0.532200665,-0.392865318,-0.111828057,-0.007179578,0.851382168,86018,0,1,0,43224.59931,0.59931713,4,0.2732,-0.380326171,0.2732,-0.151925625,0.2732,-0.380326171,-0.240013981,0,0,-0.627700072,0,-0.97489837,27.32,1
96,36762,I_Jordan102,249,2,55078,0,0,0,1,1525524059,Jordan,1525468981,1,0,Image,0.044787094,0.352642789,5,0.000963673,0,0,1,0,0,0,0,0,0,0,0,0.549263911,0.482797766,0.532200665,-0.392865318,-0.111828057,-0.007179578,0.851382168,60837,0,1,0,43224.59931,0.59931713,4,0.2732,-0.380326171,0,-0.153417912,0.2732,-0.380326171,-0.240013981,0.2732,0,-0.625942653,1,-0.975144473,0,1
97,36763,I_Jordan102,249,3,44117,0,0,0,1,1525513098,Jordan,1525468981,1,0,Image,0.044787094,0.352642789,5,0.000771894,0,0,1,0,0,0,0,0,0,0,0,0.549263911,0.482797766,0.532200665,-0.392865318,-0.111828057,-0.007179578,0.851382168,19718,0,1,0,43224.59931,0.59931713,4,0.2732,-0.380326171,0,-0.153417912,0.2732,-0.380326171,-0.240013981,0,0,-0.624185235,2,-0.975144473,0,1
98,36764,I_Jordan103,250,1,23156279,0,0,0,1,1548625260,Jordan,1525468981,1,0,Image,0.151113052,0.507576281,8,0.405154077,0,0,1,0,0,0,0,0,0,0,0,0.549263911,0.482797766,0.532200665,2.607134682,0.043105435,0.09914638,0.851382168,1881,0,1,0,43224.59931,0.59931713,4,0,-0.385385429,0,-0.153417912,0,-0.385385429,2.627447213,0,0,-0.627700072,0,-0.975144473,0,1
99,36765,I_Jordan103,250,2,86750,0,0,0,1,1525555731,Jordan,1525468981,1,0,Image,0.151113052,0.507576281,8,0.001517822,0,0,1,0,0,0,0,0,0,0,0,0.549263911,0.482797766,0.532200665,2.607134682,0.043105435,0.09914638,0.851382168,64705,0,1,0,43224.59931,0.59931713,4,0,-0.385385429,0,-0.153417912,0,-0.385385429,2.627447213,0,0,-0.625942653,1,-0.975144473,0,1
100,36766,I_Jordan103,250,3,41805,0,0,0,1,1525510786,Jordan,1525468981,1,0,Image,0.151113052,0.507576281,8,0.000731442,0,0,1,0,0,0,0,0,0,0,0,0.549263911,0.482797766,0.532200665,2.607134682,0.043105435,0.09914638,0.851382168,22512,0,1,0,43224.59931,0.59931713,4,0,-0.385385429,0,-0.153417912,0,-0.385385429,2.627447213,0,0,-0.624185235,2,-0.975144473,0,1
101,36767,I_Jordan103,250,4,41790,0,0,0,1,1525510771,Jordan,1525468981,1,0,Image,0.151113052,0.507576281,8,0.000731179,0,0,1,0,0,0,0,0,0,0,0,0.549263911,0.482797766,0.532200665,2.607134682,0.043105435,0.09914638,0.851382168,22512,0,1,0,43224.59931,0.59931713,4,0,-0.385385429,0,-0.153417912,0,-0.385385429,2.627447213,0,0,-0.622427817,3,-0.975144473,0,1
102,36768,I_Jordan103,250,5,41782,0,0,0,1,1525510763,Jordan,1525468981,1,0,Image,0.151113052,0.507576281,8,0.000731039,0,0,1,0,0,0,0,0,0,0,0,0.549263911,0.482797766,0.532200665,2.607134682,0.043105435,0.09914638,0.851382168,22512,0,1,0,43224.59931,0.59931713,4,0,-0.385385429,0,-0.153417912,0,-0.385385429,2.627447213,0,0,-0.620670399,4,-0.975144473,0,1
103,36769,I_Jordan103,250,6,39081,0,0,0,1,1525508062,Jordan,1525468981,1,0,Image,0.151113052,0.507576281,8,0.000683781,0,0,1,0,0,0,0,0,0,0,0,0.549263911,0.482797766,0.532200665,2.607134682,0.043105435,0.09914638,0.851382168,23507,0,1,0,43224.59931,0.59931713,4,0,-0.385385429,0,-0.153417912,0,-0.385385429,2.627447213,0,0,-0.61891298,5,-0.975144473,0,1
104,36770,I_Jordan104,251,1,20904600,0,0,0,1,1546373581,Jordan,1525468981,1,0,Image,0.098080713,0.448882941,7,0.365757551,0,0,1,0,0,0,0,0,0,0,0,0.549263911,0.482797766,0.532200665,1.607134682,-0.015587905,0.046114041,0.851382168,4105,0,0,0,43224.59931,0.59931713,4,0,-0.385385429,0,-0.153417912,0,-0.385385429,1.197239793,0,0,-0.627700072,0,-0.975144473,0,1
105,36771,I_Jordan104,251,2,18021493,0,0,0,1,1543490474,Jordan,1525468981,1,0,Image,0.098080713,0.448882941,7,0.31531324,0,0,1,0,0,0,0,0,0,0,0,0.549263911,0.482797766,0.532200665,1.607134682,-0.015587905,0.046114041,0.851382168,59815,0,0,0,43224.59931,0.59931713,4,0,-0.385385429,0,-0.153417912,0,-0.385385429,1.197239793,0,0,-0.625942653,1,-0.975144473,0,1
106,36772,I_Jordan104,251,3,373596,0,0,0,1,1525842577,Jordan,1525468981,1,0,Image,0.098080713,0.448882941,7,0.006536626,0,0,1,0,0,0,0,0,0,0,0,0.549263911,0.482797766,0.532200665,1.607134682,-0.015587905,0.046114041,0.851382168,60835,0,0,0,43224.59931,0.59931713,4,0,-0.385385429,0,-0.153417912,0,-0.385385429,1.197239793,0,0,-0.624185235,2,-0.975144473,0,1
107,36773,I_Jordan104,251,4,233070,0,0,0,1,1525702051,Jordan,1525468981,1,0,Image,0.098080713,0.448882941,7,0.004077912,0,0,1,0,0,0,0,0,0,0,0,0.549263911,0.482797766,0.532200665,1.607134682,-0.015587905,0.046114041,0.851382168,52821,0,0,0,43224.59931,0.59931713,4,0,-0.385385429,0,-0.153417912,0,-0.385385429,1.197239793,0,0,-0.622427817,3,-0.975144473,0,1
108,48332,I_LGM1,545,1,10278312,0,0,0,1,1545977084,LG_Mobile,1535698772,1,0,Text_Image,0.197042312,0.309186036,7,0.179834593,0,0,0,1,0,0,0,0,0,1,0.754801451,0.386857772,0.772021466,0.333820608,1.607134682,-0.15528481,0.14507564,-0.229176297,70616,0,0,1,43342.99931,0.999675926,6,0,-0.385385429,0,-0.153417912,0,-0.385385429,3.866094606,0,0,-0.627700072,0,-0.975144473,0,0.185533424
109,48333,I_LGM1,545,2,3967179,0,0,0,1,1539665951,LG_Mobile,1535698772,1,0,Text_Image,0.197042312,0.309186036,7,0.069411789,0,0,0,1,0,0,0,0,0,1,0.754801451,0.386857772,0.772021466,0.333820608,1.607134682,-0.15528481,0.14507564,-0.229176297,48988,0,0,1,43342.99931,0.999675926,6,0,-0.385385429,0,-0.153417912,0,-0.385385429,3.866094606,0,0,-0.625942653,1,-0.975144473,0,0.185533424
110,48334,I_LGM1,545,3,3381295,0.4215,1,0,0,1539080067,LG_Mobile,1535698772,1,0,Text_Image,0.197042312,0.309186036,7,0.059160863,0,0,0,1,0,0,0,0,0,1,0.754801451,0.386857772,0.772021466,0.333820608,1.607134682,-0.15528481,0.14507564,-0.229176297,28792,0,0,1,43342.99931,0.999675926,6,0.4215,-0.377579876,0.4215,-0.151115573,0.4215,-0.377579876,3.866094606,0,0,-0.624185235,2,-0.974764779,42.15,0.185533424
111,48335,I_LGM1,545,4,3039216,0,0,0,1,1538737988,LG_Mobile,1535698772,1,0,Text_Image,0.197042312,0.309186036,7,0.053175674,0,0,0,1,0,0,0,0,0,1,0.754801451,0.386857772,0.772021466,0.333820608,1.607134682,-0.15528481,0.14507564,-0.229176297,46197,0,0,1,43342.99931,0.999675926,6,0.4215,-0.377579876,0,-0.153417912,0.4215,-0.377579876,3.866094606,0.4215,0,-0.622427817,3,-0.975144473,0,0.185533424
112,48336,I_LGM1,545,5,1399938,0.1926,0.227,0,0.773,1537098710,LG_Mobile,1535698772,1,0,Text_Image,0.197042312,0.309186036,7,0.02449403,0,0,0,1,0,0,0,0,0,1,0.754801451,0.386857772,0.772021466,0.333820608,1.607134682,-0.15528481,0.14507564,-0.229176297,9487,0,1,1,43342.99931,0.999675926,6,0.6141,-0.37401321,0.1926,-0.152365882,0.6141,-0.37401321,3.866094606,0,0,-0.620670399,4,-0.974970976,19.26,0.185533424
113,50294,I_LGM2,563,1,64691,-0.2144,0.058,0.126,0.816,1535590681,LG_Mobile,1535525990,1,0,Text_Image,0.091274374,0.258404873,3,0.001131867,0,0,0,1,0,0,0,0,0,1,0.795760254,0.386857772,0.757752957,0.337981955,-2.392865318,-0.206065973,0.039307702,-0.274512154,8510,0,0,1,43340.99931,0.999884259,6,-0.2144,-0.389355798,-0.2144,-0.154589018,-0.2144,-0.389355798,1.013682425,0,0,-0.627700072,0,-0.975337607,21.44,0.151361705
114,50295,I_LGM2,563,2,165972,0,0,0,1,1535691962,LG_Mobile,1535525990,1,0,Text_Image,0.091274374,0.258404873,3,0.002903931,0,0,0,1,0,0,0,0,0,1,0.795760254,0.386857772,0.757752957,0.337981955,-2.392865318,-0.206065973,0.039307702,-0.274512154,47679,0,0,1,43340.99931,0.999884259,6,-0.2144,-0.389355798,0,-0.153417912,-0.2144,-0.389355798,1.013682425,-0.2144,0,-0.625942653,1,-0.975144473,0,0.151361705
115,50296,I_LGM2,563,3,224060,0,0,0,1,1535750050,LG_Mobile,1535525990,1,0,Text_Image,0.091274374,0.258404873,3,0.003920268,0,0,0,1,0,0,0,0,0,1,0.795760254,0.386857772,0.757752957,0.337981955,-2.392865318,-0.206065973,0.039307702,-0.274512154,40951,0,0,1,43340.99931,0.999884259,6,-0.2144,-0.389355798,0,-0.153417912,-0.2144,-0.389355798,1.013682425,0,0,-0.624185235,2,-0.975144473,0,0.151361705
116,50297,I_LGM2,563,4,202194,0,0,0,0,1535728184,LG_Mobile,1535525990,1,0,Text_Image,0.091274374,0.258404873,3,0.003537689,0,0,0,1,0,0,0,0,0,1,0.795760254,0.386857772,0.757752957,0.337981955,-2.392865318,-0.206065973,0.039307702,-0.274512154,77456,0,0,1,43340.99931,0.999884259,6,-0.2144,-0.389355798,0,-0.153417912,-0.2144,-0.389355798,1.013682425,0,0,-0.622427817,3,-0.975144473,0,0.151361705
117,50298,I_LGM2,563,5,191215,0.4215,1,0,0,1535717205,LG_Mobile,1535525990,1,0,Text_Image,0.091274374,0.258404873,3,0.003345595,0,0,0,1,0,0,0,0,0,1,0.795760254,0.386857772,0.757752957,0.337981955,-2.392865318,-0.206065973,0.039307702,-0.274512154,3131,0,0,1,43340.99931,0.999884259,6,0.2071,-0.381550245,0.4215,-0.151115573,0.2071,-0.381550245,1.013682425,0,0,-0.620670399,4,-0.974764779,42.15,0.151361705
118,50299,I_LGM2,563,6,186447,0.7717,0.87,0,0.13,1535712437,LG_Mobile,1535525990,1,0,Text_Image,0.091274374,0.258404873,3,0.003262172,0,0,0,1,0,0,0,0,0,1,0.795760254,0.386857772,0.757752957,0.337981955,-2.392865318,-0.206065973,0.039307702,-0.274512154,3032,0,0,1,43340.99931,0.999884259,6,0.9788,-0.367259508,0.7717,-0.149202693,0.9788,-0.367259508,1.013682425,0.4215,0,-0.61891298,5,-0.974449314,77.17,0.151361705
119,50300,I_LGM2,563,7,186192,0,0,0,1,1535712182,LG_Mobile,1535525990,1,0,Text_Image,0.091274374,0.258404873,3,0.00325771,0,0,0,1,0,0,0,0,0,1,0.795760254,0.386857772,0.757752957,0.337981955,-2.392865318,-0.206065973,0.039307702,-0.274512154,50209,0,0,1,43340.99931,0.999884259,6,0.9788,-0.367259508,0,-0.153417912,0.9788,-0.367259508,1.013682425,0.7717,0,-0.617155562,6,-0.975144473,0,0.151361705
120,52750,I_LGM3,575,1,27937,-0.3182,0.18,0.195,0.625,1535381129,LG_Mobile,1535353192,1,0,Text_Image,0.126545284,0.587003406,7,0.0004888,0,0,0,1,0,0,0,0,0,1,0.754801451,0.386857772,0.772021466,0.333820608,1.607134682,0.12253256,0.074578612,-0.229176297,65314,0,0,1,43338.99931,0.999907407,6,-0.3182,-0.39127802,-0.3182,-0.155156,-0.3182,-0.39127802,1.964889145,0,0,-0.627700072,0,-0.975431112,31.82,0.185533424
121,52751,I_LGM3,575,2,61182,0,0,0,1,1535414374,LG_Mobile,1535353192,1,0,Text_Image,0.126545284,0.587003406,7,0.001070471,0,0,0,1,0,0,0,0,0,1,0.754801451,0.386857772,0.772021466,0.333820608,1.607134682,0.12253256,0.074578612,-0.229176297,47679,0,0,1,43338.99931,0.999907407,6,-0.3182,-0.39127802,0,-0.153417912,-0.3182,-0.39127802,1.964889145,-0.3182,0,-0.625942653,1,-0.975144473,0,0.185533424
122,52752,I_LGM3,575,3,118710,0,0,0,1,1535471902,LG_Mobile,1535353192,1,0,Text_Image,0.126545284,0.587003406,7,0.002077011,0,0,0,1,0,0,0,0,0,1,0.754801451,0.386857772,0.772021466,0.333820608,1.607134682,0.12253256,0.074578612,-0.229176297,56062,0,0,1,43338.99931,0.999907407,6,-0.3182,-0.39127802,0,-0.153417912,-0.3182,-0.39127802,1.964889145,0,0,-0.624185235,2,-0.975144473,0,0.185533424
123,52753,I_LGM3,575,4,119640,0,0,0,1,1535472832,LG_Mobile,1535353192,1,0,Text_Image,0.126545284,0.587003406,7,0.002093283,0,0,0,1,0,0,0,0,0,1,0.754801451,0.386857772,0.772021466,0.333820608,1.607134682,0.12253256,0.074578612,-0.229176297,65314,0,0,1,43338.99931,0.999907407,6,-0.3182,-0.39127802,-0.3182,-0.155156,-0.3182,-0.39127802,1.964889145,0,-0.3182,-0.622427817,3,-0.975431112,0,0.185533424
124,54594,I_LGM4,587,1,9799802,0,0,0,1,1544893792,LG_Mobile,1535093990,1,0,Text_Image,0.085681119,0.497900738,7,0.171462338,0,0,0,1,0,0,0,0,0,1,0.63588141,0.50217712,0.704243457,0.416253775,1.607134682,0.033429892,0.033714447,-0.187131452,79720,0,1,1,43335.99931,0.999884259,6,0,-0.385385429,0,-0.153417912,0,-0.385385429,0.862840223,0,0,-0.627700072,0,-0.975144473,0,0.217224556
125,54595,I_LGM4,587,2,8120054,0.8253,0.657,0,0.343,1543214044,LG_Mobile,1535093990,1,0,Text_Image,0.085681119,0.497900738,7,0.142072609,0,0,0,1,0,0,0,0,0,1,0.63588141,0.50217712,0.704243457,0.416253775,1.607134682,0.033429892,0.033714447,-0.187131452,35735,0,0,1,43335.99931,0.999884259,6,0.8253,-0.3701021,0.8253,-0.148909916,0.8253,-0.3701021,0.862840223,0,0,-0.625942653,1,-0.974401031,82.53,0.217224556
126,54596,I_LGM4,587,3,1851682,0,0,0,1,1536945672,LG_Mobile,1535093990,1,0,Text_Image,0.085681119,0.497900738,7,0.032397973,0,0,0,1,0,0,0,0,0,1,0.63588141,0.50217712,0.704243457,0.416253775,1.607134682,0.033429892,0.033714447,-0.187131452,65020,0,0,1,43335.99931,0.999884259,6,0.8253,-0.3701021,0,-0.153417912,0.8253,-0.3701021,0.862840223,0.8253,0,-0.624185235,2,-0.975144473,0,0.217224556
127,58153,I_LGM5,599,1,1272695,0,0,0,1,1536193888,LG_Mobile,1534921193,1,0,Text_Image,0.030435367,0.620469113,3,0.022267721,0,0,0,1,0,0,0,0,0,1,0.754801451,0.386857772,0.772021466,0.333820608,-2.392865318,0.155998267,-0.021531305,-0.229176297,89128,0,0,1,43333.99931,0.999918981,6,0,-0.385385429,0,-0.153417912,0,-0.385385429,-0.627059826,0,0,-0.627700072,0,-0.975144473,0,0.185533424
128,58154,I_LGM5,599,2,1112996,0,0,0,1,1536034189,LG_Mobile,1534921193,1,0,Text_Image,0.030435367,0.620469113,3,0.019473546,0,0,0,1,0,0,0,0,0,1,0.754801451,0.386857772,0.772021466,0.333820608,-2.392865318,0.155998267,-0.021531305,-0.229176297,45450,0,0,1,43333.99931,0.999918981,6,0,-0.385385429,0,-0.153417912,0,-0.385385429,-0.627059826,0,0,-0.625942653,1,-0.975144473,0,0.185533424
129,58155,I_LGM5,599,3,984388,0,0,0,1,1535905581,LG_Mobile,1534921193,1,0,Text_Image,0.030435367,0.620469113,3,0.017223355,0,0,0,1,0,0,0,0,0,1,0.754801451,0.386857772,0.772021466,0.333820608,-2.392865318,0.155998267,-0.021531305,-0.229176297,55874,0,1,1,43333.99931,0.999918981,6,0,-0.385385429,0,-0.153417912,0,-0.385385429,-0.627059826,0,0,-0.624185235,2,-0.975144473,0,0.185533424
130,59821,I_LGM6,610,1,6826926,0.4404,0.592,0,0.408,1541575326,LG_Mobile,1534748400,1,0,Text_Image,0.040343471,0.499755811,4,0.119447382,0,0,0,1,0,0,0,0,0,1,0.795760254,0.386857772,0.757752957,0.337981955,-1.392865318,0.035284965,-0.011623201,-0.274512154,54320,0,0,1,43332,0,1,0.4404,-0.377229876,0.4404,-0.151012336,0.4404,-0.377229876,-0.359852229,0,0,-0.627700072,0,-0.974747754,44.04,0.151361705
131,59822,I_LGM6,610,2,1468352,0,0,0,1,1536216752,LG_Mobile,1534748400,1,0,Text_Image,0.040343471,0.499755811,4,0.025691036,0,0,0,1,0,0,0,0,0,1,0.795760254,0.386857772,0.757752957,0.337981955,-1.392865318,0.035284965,-0.011623201,-0.274512154,474,0,0,1,43332,0,1,0.4404,-0.377229876,0,-0.153417912,0.4404,-0.377229876,-0.359852229,0.4404,0,-0.625942653,1,-0.975144473,0,0.151361705
132,59823,I_LGM6,610,3,393021,0,0,0,0,1535141421,LG_Mobile,1534748400,1,0,Text_Image,0.040343471,0.499755811,4,0.006876496,0,0,0,1,0,0,0,0,0,1,0.795760254,0.386857772,0.757752957,0.337981955,-1.392865318,0.035284965,-0.011623201,-0.274512154,29883,0,0,1,43332,0,1,0.4404,-0.377229876,0,-0.153417912,0.4404,-0.377229876,-0.359852229,0,0,-0.624185235,2,-0.975144473,0,0.151361705
133,59824,I_LGM6,610,4,393016,0,0,0,0,1535141416,LG_Mobile,1534748400,1,0,Text_Image,0.040343471,0.499755811,4,0.006876409,0,0,0,1,0,0,0,0,0,1,0.795760254,0.386857772,0.757752957,0.337981955,-1.392865318,0.035284965,-0.011623201,-0.274512154,29883,0,0,1,43332,0,1,0.4404,-0.377229876,0,-0.153417912,0.4404,-0.377229876,-0.359852229,0,0,-0.622427817,3,-0.975144473,0,0.151361705
134,59825,I_LGM6,610,5,393011,0,0,0,0,1535141411,LG_Mobile,1534748400,1,0,Text_Image,0.040343471,0.499755811,4,0.006876321,0,0,0,1,0,0,0,0,0,1,0.795760254,0.386857772,0.757752957,0.337981955,-1.392865318,0.035284965,-0.011623201,-0.274512154,29883,0,0,1,43332,0,1,0.4404,-0.377229876,0,-0.153417912,0.4404,-0.377229876,-0.359852229,0,0,-0.620670399,4,-0.975144473,0,0.151361705
135,59826,I_LGM6,610,6,393007,0,0,0,0,1535141407,LG_Mobile,1534748400,1,0,Text_Image,0.040343471,0.499755811,4,0.006876251,0,0,0,1,0,0,0,0,0,1,0.795760254,0.386857772,0.757752957,0.337981955,-1.392865318,0.035284965,-0.011623201,-0.274512154,29883,0,0,1,43332,0,1,0.4404,-0.377229876,0,-0.153417912,0.4404,-0.377229876,-0.359852229,0,0,-0.61891298,5,-0.975144473,0,0.151361705
136,59827,I_LGM6,610,7,393002,0,0,0,0,1535141402,LG_Mobile,1534748400,1,0,Text_Image,0.040343471,0.499755811,4,0.006876164,0,0,0,1,0,0,0,0,0,1,0.795760254,0.386857772,0.757752957,0.337981955,-1.392865318,0.035284965,-0.011623201,-0.274512154,29883,0,0,1,43332,0,1,0.4404,-0.377229876,0,-0.153417912,0.4404,-0.377229876,-0.359852229,0,0,-0.617155562,6,-0.975144473,0,0.151361705
137,61080,I_LGM7,622,1,9188424,0,0,0,1,1543505823,LG_Mobile,1534317399,1,0,Image,0.029261474,0.512968866,7,0.160765356,0,0,0,1,0,0,0,0,0,0,0,0.549263911,0.482797766,0.532200665,1.607134682,0.04849802,-0.022705198,0.851382168,90048,0,0,1,43327.01111,0.0115625,1,0,-0.385385429,0,-0.153417912,0,-0.385385429,-0.658718065,0,0,-0.627700072,0,-0.975144473,0,1
138,61081,I_LGM7,622,2,3666137,0,0,0,1,1537983536,LG_Mobile,1534317399,1,0,Image,0.029261474,0.512968866,7,0.064144604,0,0,0,1,0,0,0,0,0,0,0,0.549263911,0.482797766,0.532200665,1.607134682,0.04849802,-0.022705198,0.851382168,6428,0,0,1,43327.01111,0.0115625,1,0,-0.385385429,0,-0.153417912,0,-0.385385429,-0.658718065,0,0,-0.625942653,1,-0.975144473,0,1
139,61082,I_LGM7,622,3,1241013,0,0,0,1,1535558412,LG_Mobile,1534317399,1,0,Image,0.029261474,0.512968866,7,0.021713397,0,0,0,1,0,0,0,0,0,0,0,0.549263911,0.482797766,0.532200665,1.607134682,0.04849802,-0.022705198,0.851382168,64750,0,0,1,43327.01111,0.0115625,1,0,-0.385385429,0,-0.153417912,0,-0.385385429,-0.658718065,0,0,-0.624185235,2,-0.975144473,0,1
140,61083,I_LGM7,622,4,811462,0.7841,0.775,0,0.225,1535128861,LG_Mobile,1534317399,1,0,Image,0.029261474,0.512968866,7,0.014197753,0,0,0,1,0,0,0,0,0,0,0,0.549263911,0.482797766,0.532200665,1.607134682,0.04849802,-0.022705198,0.851382168,50216,0,0,1,43327.01111,0.0115625,1,0.7841,-0.370865063,0.7841,-0.149134961,0.7841,-0.370865063,-0.658718065,0,0,-0.622427817,3,-0.974438144,78.41,1
141,62641,I_LGM8,633,1,72510,0,0,0,1,1534389909,LG_Mobile,1534317399,1,0,Image,0.063502195,0.581394913,7,0.001268672,0,0,0,1,0,0,0,0,0,0,0,0.549263911,0.482797766,0.532200665,1.607134682,0.116924067,0.011535523,0.851382168,10724,0,0,1,43327.01111,0.0115625,1,0,-0.385385429,0,-0.153417912,0,-0.385385429,0.264705909,0,0,-0.627700072,0,-0.975144473,0,1
142,62642,I_LGM8,633,2,72484,0,0,0,1,1534389883,LG_Mobile,1534317399,1,0,Image,0.063502195,0.581394913,7,0.001268217,0,0,0,1,0,0,0,0,0,0,0,0.549263911,0.482797766,0.532200665,1.607134682,0.116924067,0.011535523,0.851382168,10724,0,0,1,43327.01111,0.0115625,1,0,-0.385385429,0,-0.153417912,0,-0.385385429,0.264705909,0,0,-0.625942653,1,-0.975144473,0,1
143,62643,I_LGM8,633,3,38751,0,0,0,1,1534356150,LG_Mobile,1534317399,1,0,Image,0.063502195,0.581394913,7,0.000678007,0,0,0,1,0,0,0,0,0,0,0,0.549263911,0.482797766,0.532200665,1.607134682,0.116924067,0.011535523,0.851382168,1309,0,0,1,43327.01111,0.0115625,1,0,-0.385385429,-0.5719,-0.156541773,0,-0.385385429,0.264705909,0,-0.5719,-0.624185235,2,-0.975659648,0,1
144,65642,I_McD1,656,1,14727769,0,0,0,1,1550288270,McDonalds,1535560501,1,0,Text_Image,0.08460054,0.794115434,3,0.257684564,0,0,0,0,1,0,0,0,0,1,0.584460289,0.554783915,0.620573166,0.472013079,-2.392865318,0.329644588,0.032633868,-0.242265306,27409,0,0,1,43341.39931,0.39931713,3,0,-0.385385429,0,-0.153417912,0,-0.385385429,0.833698531,0,0,-0.627700072,0,-0.975144473,0,0.175667637
145,65643,I_McD1,656,2,14467682,0.1154,0.088,0,0.912,1550028183,McDonalds,1535560501,1,0,Text_Image,0.08460054,0.794115434,3,0.253133949,0,0,0,0,1,0,0,0,0,1,0.584460289,0.554783915,0.620573166,0.472013079,-2.392865318,0.329644588,0.032633868,-0.242265306,1756,0,0,1,43341.39931,0.39931713,3,0.1154,-0.383248393,0.1154,-0.152787568,0.1154,-0.383248393,0.833698531,0,0,-0.625942653,1,-0.975040519,11.54,0.175667637
146,65644,I_McD1,656,3,14429543,-0.4939,0,0.39,0.61,1549990044,McDonalds,1535560501,1,0,Text_Image,0.08460054,0.794115434,3,0.252466649,0,0,0,0,1,0,0,0,0,1,0.584460289,0.554783915,0.620573166,0.472013079,-2.392865318,0.329644588,0.032633868,-0.242265306,57745,0,0,1,43341.39931,0.39931713,3,-0.3785,-0.392394686,-0.4939,-0.156115717,-0.3785,-0.392394686,0.833698531,0.1154,0,-0.624185235,2,-0.975589385,49.39,0.175667637
147,65645,I_McD1,656,4,13178532,0.6124,0.185,0,0.815,1548739033,McDonalds,1535560501,1,0,Text_Image,0.08460054,0.794115434,3,0.230578322,0,0,0,0,1,0,0,0,0,1,0.584460289,0.554783915,0.620573166,0.472013079,-2.392865318,0.329644588,0.032633868,-0.242265306,67657,0,0,1,43341.39931,0.39931713,3,0.2339,-0.381053949,0.6124,-0.150072829,0.2339,-0.381053949,0.833698531,-0.4939,0,-0.622427817,3,-0.974592814,61.24,0.175667637
148,65646,I_McD1,656,5,11740032,0,0,0,1,1547300533,McDonalds,1535560501,1,0,Text_Image,0.08460054,0.794115434,3,0.205409592,0,0,0,0,1,0,0,0,0,1,0.584460289,0.554783915,0.620573166,0.472013079,-2.392865318,0.329644588,0.032633868,-0.242265306,68039,0,1,1,43341.39931,0.39931713,3,0.2339,-0.381053949,0,-0.153417912,0.2339,-0.381053949,0.833698531,0.6124,0,-0.620670399,4,-0.975144473,0,0.175667637
149,65647,I_McD1,656,6,41579,0.9095,0.342,0.048,0.61,1535602080,McDonalds,1535560501,1,0,Text_Image,0.08460054,0.794115434,3,0.000727487,0,0,0,0,1,0,0,0,0,1,0.584460289,0.554783915,0.620573166,0.472013079,-2.392865318,0.329644588,0.032633868,-0.242265306,6129,0,0,1,43341.39931,0.39931713,3,1.1434,-0.364211361,0.9095,-0.148449994,1.1434,-0.364211361,0.833698531,0,0,-0.61891298,5,-0.974325182,90.95,0.175667637
150,65648,I_McD1,656,7,164040,-0.1531,0.049,0.086,0.864,1535724541,McDonalds,1535560501,1,0,Text_Image,0.08460054,0.794115434,3,0.002870128,0,0,0,0,1,0,0,0,0,1,0.584460289,0.554783915,0.620573166,0.472013079,-2.392865318,0.329644588,0.032633868,-0.242265306,32818,0,0,1,43341.39931,0.39931713,3,0.9903,-0.367046545,-0.1531,-0.154254182,0.9903,-0.367046545,0.833698531,0.9095,0,-0.617155562,6,-0.975282387,15.31,0.175667637
